setting_id,owner,language,sound_effects,background_music,auto_pass_priority,animation_speed
1,1,한국어,True,True,False,느림
2,2,한국어,True,True,True,느림
3,3,일본어,True,False,False,느림
4,4,영어,True,False,False,빠름
5,5,한국어,True,True,False,보통
6,6,영어,True,False,False,빠름
7,7,중국어,True,True,False,보통
8,8,일본어,False,True,True,느림
9,9,중국어,True,True,True,보통
10,10,한국어,True,False,False,빠름
11,11,한국어,True,True,False,느림
12,12,중국어,True,True,True,느림
13,13,한국어,True,True,True,느림
14,14,한국어,True,True,True,빠름
15,15,중국어,True,True,True,빠름
16,16,영어,True,True,False,보통
17,17,한국어,True,False,False,느림
18,18,한국어,True,True,False,빠름
19,19,중국어,True,True,True,느림
20,20,한국어,True,True,True,빠름
21,21,일본어,False,True,False,보통
22,22,영어,False,False,False,느림
23,23,영어,True,True,False,빠름
24,24,중국어,True,True,False,느림
25,25,한국어,False,True,False,빠름
26,26,한국어,False,True,False,빠름
27,27,영어,True,True,False,빠름
28,28,한국어,False,True,False,느림
29,29,일본어,False,True,False,보통
30,30,영어,False,True,True,보통
31,31,한국어,False,True,True,느림
32,32,중국어,True,False,False,느림
33,33,한국어,True,False,True,보통
34,34,일본어,True,True,False,빠름
35,35,중국어,False,True,True,빠름
36,36,중국어,True,True,True,보통
37,37,한국어,False,False,False,빠름
38,38,영어,True,True,True,느림
39,39,영어,True,True,True,느림
40,40,중국어,True,True,True,느림
41,41,한국어,True,True,False,빠름
42,42,중국어,True,False,True,빠름
43,43,한국어,True,True,False,느림
44,44,중국어,True,True,False,느림
45,45,영어,True,True,False,느림
46,46,일본어,True,False,False,느림
47,47,영어,False,True,True,빠름
48,48,영어,False,True,False,보통
49,49,중국어,True,False,False,느림
50,50,한국어,False,True,False,보통
51,51,영어,True,True,True,느림
52,52,한국어,False,False,False,빠름
53,53,일본어,True,True,False,느림
54,54,중국어,True,True,False,느림
55,55,일본어,True,True,False,빠름
56,56,일본어,True,True,False,빠름
57,57,중국어,True,True,False,느림
58,58,영어,False,False,True,느림
59,59,영어,True,False,False,빠름
60,60,한국어,True,True,True,보통
61,61,일본어,True,True,False,느림
62,62,일본어,True,True,False,느림
63,63,중국어,True,False,False,보통
64,64,중국어,True,False,False,보통
65,65,중국어,True,False,False,느림
66,66,중국어,True,False,False,느림
67,67,영어,True,True,False,보통
68,68,영어,False,True,True,느림
69,69,한국어,True,True,False,보통
70,70,영어,True,True,False,느림
71,71,일본어,True,True,True,빠름
72,72,영어,True,True,False,빠름
73,73,중국어,False,True,False,보통
74,74,일본어,False,True,True,느림
75,75,영어,True,True,True,빠름
76,76,영어,False,False,True,보통
77,77,중국어,True,False,True,보통
78,78,영어,False,True,False,빠름
79,79,영어,True,True,False,빠름
80,80,한국어,True,True,False,느림
81,81,일본어,True,False,False,빠름
82,82,한국어,False,True,True,느림
83,83,중국어,False,True,False,보통
84,84,한국어,True,True,False,보통
85,85,한국어,True,False,False,보통
86,86,중국어,True,True,False,느림
87,87,영어,True,True,False,느림
88,88,한국어,True,False,False,보통
89,89,영어,False,False,True,빠름
90,90,한국어,True,True,False,보통
91,91,영어,True,True,False,느림
92,92,일본어,True,True,False,보통
93,93,중국어,True,True,True,빠름
94,94,영어,True,True,False,빠름
95,95,한국어,True,False,False,보통
96,96,영어,True,True,False,느림
97,97,영어,True,False,False,느림
98,98,한국어,True,True,True,느림
99,99,중국어,True,True,True,빠름
100,100,한국어,True,True,False,보통
101,101,일본어,True,True,False,빠름
102,102,중국어,False,True,False,보통
103,103,영어,True,True,False,보통
104,104,한국어,True,True,True,빠름
105,105,중국어,True,False,False,느림
106,106,일본어,True,False,True,빠름
107,107,영어,True,True,True,보통
108,108,중국어,True,True,False,느림
109,109,영어,True,True,True,빠름
110,110,영어,False,True,True,보통
111,111,일본어,True,True,True,느림
112,112,영어,True,True,False,빠름
113,113,한국어,True,True,True,빠름
114,114,중국어,True,False,False,느림
115,115,중국어,True,True,True,빠름
116,116,영어,False,True,True,보통
117,117,영어,True,True,True,보통
118,118,한국어,True,True,True,느림
119,119,일본어,True,False,False,빠름
120,120,영어,False,False,False,보통
121,121,중국어,True,True,True,빠름
122,122,중국어,True,True,False,빠름
123,123,한국어,True,True,True,보통
124,124,일본어,True,True,False,빠름
125,125,중국어,True,True,True,보통
126,126,한국어,True,True,False,느림
127,127,영어,True,True,True,느림
128,128,중국어,True,True,False,보통
129,129,중국어,False,True,False,느림
130,130,중국어,True,False,False,빠름
131,131,영어,True,True,False,보통
132,132,일본어,True,True,False,느림
133,133,중국어,False,True,True,보통
134,134,중국어,True,True,True,보통
135,135,중국어,True,True,False,빠름
136,136,영어,True,False,False,느림
137,137,중국어,True,True,True,빠름
138,138,중국어,False,False,False,보통
139,139,중국어,True,False,False,보통
140,140,중국어,True,True,False,보통
141,141,한국어,False,True,False,보통
142,142,영어,True,False,True,보통
143,143,한국어,True,True,False,빠름
144,144,한국어,True,True,False,보통
145,145,일본어,True,False,True,빠름
146,146,한국어,True,True,True,보통
147,147,일본어,True,False,True,보통
148,148,중국어,False,True,False,느림
149,149,중국어,True,False,False,느림
150,150,한국어,False,False,True,빠름
151,151,중국어,True,False,False,느림
152,152,일본어,True,False,False,느림
153,153,중국어,True,True,True,빠름
154,154,한국어,True,True,True,빠름
155,155,한국어,True,True,True,빠름
156,156,영어,True,True,False,빠름
157,157,영어,True,True,True,느림
158,158,한국어,True,True,False,보통
159,159,한국어,True,True,True,느림
160,160,일본어,True,False,False,보통
161,161,한국어,True,False,False,빠름
162,162,일본어,True,True,True,느림
163,163,한국어,True,True,False,보통
164,164,중국어,True,True,False,보통
165,165,영어,True,True,True,느림
166,166,한국어,True,False,True,빠름
167,167,일본어,True,True,False,보통
168,168,영어,False,False,False,빠름
169,169,한국어,True,True,True,느림
170,170,한국어,False,True,False,빠름
171,171,한국어,True,False,False,빠름
172,172,일본어,True,True,False,보통
173,173,일본어,True,True,True,보통
174,174,중국어,True,False,True,느림
175,175,영어,False,False,False,빠름
176,176,중국어,True,True,False,보통
177,177,일본어,True,False,False,느림
178,178,영어,False,True,True,빠름
179,179,일본어,False,True,False,보통
180,180,영어,False,True,True,보통
181,181,한국어,True,False,True,빠름
182,182,한국어,True,False,False,느림
183,183,일본어,True,True,False,느림
184,184,중국어,True,False,False,보통
185,185,영어,True,True,True,느림
186,186,중국어,False,False,True,빠름
187,187,한국어,False,True,False,보통
188,188,일본어,True,False,False,느림
189,189,한국어,True,True,True,느림
190,190,중국어,True,True,True,빠름
191,191,중국어,True,True,True,느림
192,192,한국어,True,True,True,보통
193,193,중국어,True,False,False,느림
194,194,영어,True,True,False,느림
195,195,중국어,True,True,True,느림
196,196,영어,False,True,True,보통
197,197,중국어,True,False,False,느림
198,198,중국어,False,True,False,느림
199,199,중국어,True,True,False,느림
200,200,일본어,False,False,False,느림
201,201,한국어,False,False,True,보통
202,202,중국어,True,True,True,느림
203,203,영어,True,False,True,빠름
204,204,중국어,True,True,True,보통
205,205,한국어,True,True,False,느림
206,206,영어,True,False,False,느림
207,207,영어,True,False,False,느림
208,208,일본어,True,False,True,느림
209,209,중국어,False,False,False,느림
210,210,한국어,True,False,False,빠름
211,211,영어,True,True,False,느림
212,212,한국어,True,True,False,보통
213,213,중국어,True,False,False,느림
214,214,한국어,True,True,True,빠름
215,215,중국어,True,True,True,보통
216,216,한국어,True,False,False,보통
217,217,중국어,True,True,False,보통
218,218,영어,True,False,True,빠름
219,219,한국어,True,True,True,느림
220,220,한국어,False,False,False,빠름
221,221,중국어,True,True,True,빠름
222,222,영어,False,True,False,보통
223,223,영어,True,True,False,느림
224,224,한국어,True,True,False,느림
225,225,일본어,False,True,False,보통
226,226,영어,False,True,True,빠름
227,227,일본어,False,True,False,보통
228,228,영어,True,True,True,보통
229,229,한국어,True,True,False,보통
230,230,영어,True,True,False,보통
231,231,중국어,True,True,False,느림
232,232,중국어,True,True,False,느림
233,233,일본어,True,False,False,빠름
234,234,중국어,True,True,True,보통
235,235,영어,False,True,True,빠름
236,236,중국어,True,True,False,느림
237,237,영어,False,True,False,느림
238,238,일본어,True,False,False,빠름
239,239,중국어,False,True,False,보통
240,240,영어,True,False,True,빠름
241,241,일본어,False,True,True,느림
242,242,일본어,True,True,False,빠름
243,243,영어,True,True,False,느림
244,244,영어,True,True,True,보통
245,245,중국어,True,False,False,보통
246,246,한국어,False,False,False,느림
247,247,한국어,True,False,False,보통
248,248,중국어,True,True,False,빠름
249,249,중국어,True,False,False,보통
250,250,한국어,True,False,False,느림
251,251,한국어,True,False,True,보통
252,252,한국어,True,True,True,느림
253,253,영어,True,True,False,빠름
254,254,한국어,True,True,True,느림
255,255,한국어,True,True,False,느림
256,256,한국어,True,True,False,빠름
257,257,한국어,True,False,False,보통
258,258,한국어,True,True,False,빠름
259,259,일본어,True,True,True,느림
260,260,영어,True,False,True,보통
261,261,한국어,False,True,True,느림
262,262,영어,True,True,True,빠름
263,263,한국어,True,True,True,보통
264,264,중국어,False,True,True,느림
265,265,중국어,True,True,False,빠름
266,266,한국어,True,False,False,보통
267,267,일본어,False,False,True,보통
268,268,영어,True,True,False,느림
269,269,한국어,True,False,True,느림
270,270,일본어,False,True,False,빠름
271,271,영어,True,True,True,빠름
272,272,중국어,True,True,False,빠름
273,273,일본어,False,False,False,느림
274,274,한국어,False,False,False,느림
275,275,중국어,True,True,True,느림
276,276,중국어,False,True,False,빠름
277,277,중국어,True,False,False,보통
278,278,중국어,False,False,True,빠름
279,279,일본어,True,True,False,빠름
280,280,일본어,True,True,True,빠름
281,281,일본어,True,True,True,느림
282,282,영어,True,True,False,빠름
283,283,한국어,True,True,False,느림
284,284,한국어,False,True,True,느림
285,285,중국어,False,False,False,느림
286,286,영어,False,True,False,보통
287,287,중국어,True,False,True,느림
288,288,일본어,True,True,False,보통
289,289,영어,True,True,False,보통
290,290,한국어,True,True,True,빠름
291,291,중국어,True,True,False,보통
292,292,중국어,True,False,False,느림
293,293,중국어,True,True,True,빠름
294,294,한국어,True,False,False,빠름
295,295,일본어,False,False,False,빠름
296,296,영어,True,False,False,빠름
297,297,중국어,True,False,False,보통
298,298,영어,True,True,True,보통
299,299,중국어,False,False,False,빠름
300,300,영어,True,True,True,보통
