setting_id,owner,language,sound_effects,background_music,auto_pass_priority,animation_speed,card_back_design,notification_friend_online,notification_tournament,privacy_level,timer_preference
204,204,중국어,True,True,True,보통,4,False,True,친구만,170
267,267,일본어,False,False,True,보통,11,False,True,친구만,60
153,153,중국어,True,True,True,빠름,6,False,True,공개,38
10,10,한국어,True,False,False,빠름,6,True,True,공개,148
234,234,중국어,True,True,True,보통,4,True,True,비공개,171
227,227,일본어,False,True,False,보통,7,True,True,공개,128
197,197,중국어,True,False,False,느림,17,True,True,비공개,47
110,110,영어,False,True,True,보통,3,False,True,공개,123
6,6,영어,True,False,False,빠름,5,True,True,비공개,46
176,176,중국어,True,True,False,보통,14,True,True,친구만,31
238,238,일본어,True,False,False,빠름,3,True,True,친구만,140
58,58,영어,False,False,True,느림,9,True,True,공개,169
219,219,한국어,True,True,True,느림,11,True,True,공개,53
46,46,일본어,True,False,False,느림,9,True,True,친구만,51
183,183,일본어,True,True,False,느림,11,True,False,비공개,35
222,222,영어,False,True,False,보통,11,True,True,공개,103
290,290,한국어,True,True,True,빠름,19,True,True,친구만,108
212,212,한국어,True,True,False,보통,17,True,True,공개,91
149,149,중국어,True,False,False,느림,10,True,True,친구만,128
166,166,한국어,True,False,True,빠름,7,True,True,친구만,107
79,79,영어,True,True,False,빠름,10,True,False,공개,47
114,114,중국어,True,False,False,느림,9,True,True,공개,47
250,250,한국어,True,False,False,느림,2,True,True,공개,146
251,251,한국어,True,False,True,보통,2,True,True,비공개,169
105,105,중국어,True,False,False,느림,5,True,True,비공개,175
43,43,한국어,True,True,False,느림,5,True,True,친구만,53
282,282,영어,True,True,False,빠름,20,False,True,공개,158
296,296,영어,True,False,False,빠름,14,True,True,공개,55
158,158,한국어,True,True,False,보통,12,True,False,공개,113
239,239,중국어,False,True,False,보통,20,True,True,공개,174
18,18,한국어,True,True,False,빠름,2,False,True,공개,140
165,165,영어,True,True,True,느림,11,True,True,비공개,38
34,34,일본어,True,True,False,빠름,17,True,True,친구만,39
25,25,한국어,False,True,False,빠름,12,True,True,공개,104
216,216,한국어,True,False,False,보통,14,False,True,친구만,172
120,120,영어,False,False,False,보통,10,False,True,비공개,46
8,8,일본어,False,True,True,느림,6,True,True,친구만,135
91,91,영어,True,True,False,느림,1,True,False,공개,159
47,47,영어,False,True,True,빠름,10,True,True,비공개,171
74,74,일본어,False,True,True,느림,20,True,True,친구만,173
94,94,영어,True,True,False,빠름,2,True,True,공개,166
77,77,중국어,True,False,True,보통,12,True,True,친구만,175
287,287,중국어,True,False,True,느림,5,False,True,친구만,96
61,61,일본어,True,True,False,느림,20,False,False,공개,171
78,78,영어,False,True,False,빠름,10,False,True,친구만,112
64,64,중국어,True,False,False,보통,10,False,True,비공개,76
235,235,영어,False,True,True,빠름,16,False,True,친구만,142
230,230,영어,True,True,False,보통,15,True,True,공개,111
112,112,영어,True,True,False,빠름,4,True,True,비공개,38
232,232,중국어,True,True,False,느림,6,True,True,친구만,34
181,181,한국어,True,False,True,빠름,12,True,True,친구만,110
145,145,일본어,True,False,True,빠름,7,False,True,친구만,111
240,240,영어,True,False,True,빠름,10,True,True,공개,37
76,76,영어,False,False,True,보통,15,True,True,친구만,48
298,298,영어,True,True,True,보통,10,False,True,친구만,37
279,279,일본어,True,True,False,빠름,19,True,False,친구만,38
98,98,한국어,True,True,True,느림,20,False,True,친구만,46
93,93,중국어,True,True,True,빠름,18,True,True,친구만,71
193,193,중국어,True,False,False,느림,18,True,True,공개,101
26,26,한국어,False,True,False,빠름,11,True,True,공개,41
233,233,일본어,True,False,False,빠름,4,False,True,비공개,122
60,60,한국어,True,True,True,보통,15,False,True,공개,72
7,7,중국어,True,True,False,보통,9,False,True,비공개,112
186,186,중국어,False,False,True,빠름,11,False,True,공개,115
174,174,중국어,True,False,True,느림,14,False,True,친구만,68
31,31,한국어,False,True,True,느림,8,False,True,공개,144
23,23,영어,True,True,False,빠름,5,False,True,비공개,49
257,257,한국어,True,False,False,보통,1,True,True,공개,110
57,57,중국어,True,True,False,느림,11,True,True,공개,103
187,187,한국어,False,True,False,보통,11,True,True,친구만,144
109,109,영어,True,True,True,빠름,17,True,True,비공개,37
127,127,영어,True,True,True,느림,12,True,True,비공개,142
231,231,중국어,True,True,False,느림,15,False,True,비공개,138
194,194,영어,True,True,False,느림,20,True,True,친구만,68
130,130,중국어,True,False,False,빠름,17,True,True,비공개,60
283,283,한국어,True,True,False,느림,7,True,True,공개,172
83,83,중국어,False,True,False,보통,15,False,True,공개,98
85,85,한국어,True,False,False,보통,18,True,True,친구만,152
67,67,영어,True,True,False,보통,20,True,True,친구만,157
289,289,영어,True,True,False,보통,13,False,True,비공개,80
164,164,중국어,True,True,False,보통,10,False,True,공개,118
155,155,한국어,True,True,True,빠름,12,True,False,비공개,42
20,20,한국어,True,True,True,빠름,20,True,True,공개,30
125,125,중국어,True,True,True,보통,5,False,True,공개,152
80,80,한국어,True,True,False,느림,18,False,False,공개,130
115,115,중국어,True,True,True,빠름,20,True,True,친구만,33
119,119,일본어,True,False,False,빠름,12,True,True,공개,68
73,73,중국어,False,True,False,보통,2,True,True,친구만,47
16,16,영어,True,True,False,보통,6,True,True,비공개,128
11,11,한국어,True,True,False,느림,13,True,True,친구만,31
195,195,중국어,True,True,True,느림,15,False,True,공개,89
102,102,중국어,False,True,False,보통,1,True,True,공개,36
69,69,한국어,True,True,False,보통,7,False,True,친구만,171
225,225,일본어,False,True,False,보통,7,True,True,친구만,98
38,38,영어,True,True,True,느림,6,False,True,친구만,84
17,17,한국어,True,False,False,느림,9,False,True,공개,123
180,180,영어,False,True,True,보통,15,False,True,친구만,100
148,148,중국어,False,True,False,느림,10,True,True,비공개,119
275,275,중국어,True,True,True,느림,3,True,True,공개,78
68,68,영어,False,True,True,느림,8,True,True,비공개,46
229,229,한국어,True,True,False,보통,1,True,True,친구만,74
70,70,영어,True,True,False,느림,20,False,True,비공개,78
32,32,중국어,True,False,False,느림,9,True,True,공개,55
184,184,중국어,True,False,False,보통,18,True,True,비공개,166
266,266,한국어,True,False,False,보통,11,True,True,비공개,45
226,226,영어,False,True,True,빠름,12,False,True,공개,83
141,141,한국어,False,True,False,보통,12,False,False,공개,96
19,19,중국어,True,True,True,느림,13,False,True,공개,97
182,182,한국어,True,False,False,느림,11,True,True,비공개,95
97,97,영어,True,False,False,느림,8,True,True,공개,171
133,133,중국어,False,True,True,보통,2,True,True,비공개,153
263,263,한국어,True,True,True,보통,20,True,True,친구만,159
87,87,영어,True,True,False,느림,17,True,True,친구만,110
249,249,중국어,True,False,False,보통,7,False,True,친구만,130
246,246,한국어,False,False,False,느림,17,True,True,친구만,147
117,117,영어,True,True,True,보통,9,True,False,친구만,40
147,147,일본어,True,False,True,보통,7,False,False,공개,63
293,293,중국어,True,True,True,빠름,18,False,True,친구만,157
198,198,중국어,False,True,False,느림,15,True,False,친구만,116
207,207,영어,True,False,False,느림,1,False,True,비공개,135
